#num	address	status	hash160	torus_pos	fraction	hot_bin	priority_zone
1	1BgGZ9tcN4rm9KBzDn7KprQz87SZ26SAMH	solved	751e76e8199196d454941c45d1b3a323f1433bd6	324080	0.634816	-	-
2	1CUNEBjYrCn2y1SdiUMohaKUi4wpP326Lb	solved	7dd65592d0ab2fe0d0257d571abf032cd9db93dc	429104	0.840540	-	-
3	19ZewH8Kk1PDbSNdJ97FP4EiCjTRaZMZQA	solved	5dedfbf9ea599dd4e3ca6a80b333c472fd0b3f69	142897	0.279910	-	-
4	1EhqbyUMvvs7BfL8goY6qcPbD6YKfPqb7e	solved	9652d86bedf43ad264362e6e6eba6eb764508127	60181	0.117884	-	-
5	1E6NuFjCi27W5zoXg8TRdcSRq84zJeBW3k	solved	8f9dff39a81ee4abcbad2ad8bafff090415a2be8	116828	0.228846	4	-
6	1PitScNLyp2HCygzadCh7FveTnfmpPbfp8	solved	f93ec34e9e34a8f8ff7d600cdad83047b1bcb45c	446078	0.873789	17	-
7	1McVt1vMtCC7yn5b9wgX1833yCcLXzueeC	solved	e2192e8a7dd8dd1c88321959b477968b941aa973	20221	0.039609	0	-
8	1M92tSqNmQLYw33fuBvjmeadirh1ysMBxK	solved	dce76b2613052ea012204404a97b3c25eac31715	507985	0.995054	19	-
9	1CQFwcjw1dwhtkVWBttNLDtqL7ivBonGPV	solved	7d0f6c64afb419bbd7e971e943d7404b0e0daab4	136892	0.268148	-	-
10	1LeBZP5QCwwgXRtmVUvTVrraqPUokyLHqe	solved	d7729816650e581d7462d52ad6f732da0e2ec93b	43053	0.084333	-	-
11	1PgQVLmst3Z314JrQn5TNiys8Hc38TcXJu	solved	f8c698da3164ef8fa4258692d118cc9a902c5acc	390756	0.765423	-	-
12	1DBaumZxUkM4qMQRt2LVWyFJq5kDtSZQot	solved	85a1f9ba4da24c24e582d9b891dacbd1b043f971	166675	0.326487	-	-
13	1Pie8JkxBT6MGPz9Nvi3fsPkr2D8q3GBc1	solved	f932d0188616c964416b91fb9cf76ba9790a921e	71902	0.140843	-	-
14	1ErZWg5cFCe4Vw5BzgfzB74VNLaXEiEkh	solved	029ec74fe5da8b2a70526b5b2622edf18baa917d	81637	0.159913	-	-
15	1QCbW9HWnwQWiQqVo5exhAnmfqKRrCRsvW	solved	fe7c45126731f7384640b0b0045fd40bac72e2a2	274742	0.538172	-	-
16	1BDyrQ6WoF8VN3g9SAS1iKZcPzFfnDVieY	solved	7025b4efb3ff42eb4d6d71fab6b53b4f4967e3dd	436477	0.854982	17	-
17	1HduPEXZRdG26SUT5Yk83mLkPyjnZuJ7Bm	solved	b67cb6edeabc0c8b927c9ea327628e7aa63e2d52	306860	0.601085	-	-
18	1GnNTmTVLZiqQfLbAdp9DVdicEnB5GoERE	solved	ad1e852b08eba53df306ec9daa8c643426953f94	108430	0.212395	4	-
19	1NWmZRpHH4XSPwsW6dsS3nrNWfL1yrJj4w	solved	ebfbe6819fcdebab061732ce91df7d586a037dee	37888	0.074216	-	-
20	1HsMJxNiV7TLxmoF6uJNkydxPFDog4NQum	solved	b907c3a2a3b27789dfb509b730dd47703c272868	443332	0.868410	17	-
21	14oFNXucftsHiUMY8uctg6N487riuyXs4h	solved	29a78213caa9eea824acf08022ab9dfc83414f56	483870	0.947817	-	-
22	1CfZWK1QTQE3eS9qn61dQjV89KDjZzfNcv	solved	7ff45303774ef7a52fffd8011981034b258cb86b	52775	0.103377	-	-
23	1L2GM8eE7mJWLdo3HZS6su1832NX2txaac	solved	d0a79df189fe1ad5c306cc70497b358415da579e	202450	0.396564	-	-
24	1rSnXMr63jdCuegJFuidJqWxUPV7AtUf7	solved	0959e80121f36aea13b3bad361c15dac26189e2f	243849	0.477658	-	-
25	15JhYXn6Mx3oF4Y7PcTAv2wVVAuCFFQNiP	solved	2f396b29b27324300d0c59b17c3abc1835bd3dbb	351409	0.688349	-	-
26	1JVnST957hGztonaWK6FougdtjxzHzRMMg	solved	bfebb73562d4541b32a02ba664d140b5a574792f	158055	0.309602	-	-
27	128z5d7nN7PkCuX5qoA4Ys6pmxUYnEy86k	solved	0c7aaf6caa7e5424b63d317f0f8f1f9fa40d5560	205448	0.402437	-	-
28	12jbtzBb54r97TCwW3G1gCFoumpckRAPdY	solved	1306b9e4ff56513a476841bac7ba48d69516b1da	347596	0.680880	-	-
29	19EEC52krRUK1RkUAEZmQdjTyHT7Gp1TYT	solved	5a416cc9148f4a377b672c8ae5d3287adaafadec	73968	0.144890	-	-
30	1LHtnpd8nU5VHEMkG2TMYYNUjjLc992bps	solved	d39c4704664e1deb76c9331e637564c257d68a08	215678	0.422476	-	-
31	1LhE6sCTuGae42Axu1L1ZB7L96yi9irEBE	solved	d805f6f251f7479ebd853b3d0f4b9b2656d92f1d	497325	0.974173	19	-
32	1FRoHA9xewq7DjrZ1psWJVeTer8gHRqEvR	solved	9e42601eeaedc244e15f17375adb0e2cd08efdc9	78897	0.154545	-	-
33	187swFMjz1G54ycVU56B7jZFHFTNVQFDiu	solved	4e15e5189752d1eaf444dfd6bff399feb0443977	458213	0.897559	17	-
34	1PWABE7oUahG2AFFQhhvViQovnCr4rEv7Q	solved	f6d67d7983bf70450f295c9cb828daab265f1bfa	124426	0.243729	4	-
35	1PWCx5fovoEaoBowAvF5k91m2Xat9bMgwb	solved	f6d8ce225ffbdecec170f8298c3fc28ae686df25	190909	0.373957	-	-
36	1Be2UF9NLfyLFbtm3TCbmuocc9N1Kduci1	solved	74b1e012be1521e5d8d75e745a26ced845ea3d37	406793	0.796836	-	-
37	14iXhn8bGajVWegZHJ18vJLHhntcpL4dex	solved	28c30fb9118ed1da72e7c4f89c0164756e8a021d	495123	0.969860	19	-
38	1HBtApAFA9B2YZw3G2YKSMCtb3dVnjuNe2	solved	b190e2d40cfdeee2cee072954a2be89e7ba39364	430856	0.843972	-	-
39	122AJhKLEfkFBaGAd84pLp1kfE7xK3GdT8	solved	0b304f2a79a027270276533fe1ed4eff30910876	48584	0.095168	-	-
40	1EeAxcprB2PpCnr34VfZdFrkUWuxyiNEFv	solved	95a156cd21b4a69de969eb6716864f4c8b82a82a	262448	0.514090	-	-
41	1L5sU9qvJeuwQUdt4y1eiLmquFxKjtHr3E	solved	d1562eb37357f9e6fc41cb2359f4d3eda4032329	100445	0.196754	-	-
42	1E32GPWgDyeyQac4aJxm9HVoLrrEYPnM4N	solved	8efb85f9c5b5db2d55973a04128dc7510075ae23	465305	0.911451	-	-
43	1PiFuqGpG8yGM5v6rNHWS3TjsG6awgEGA1	solved	f92044c7924e5525c61207972c253c9fc9f086f7	25085	0.049137	0	-
44	1CkR2uS7LmFwc3T2jV8C1BhWb5mQaoxedF	solved	80df54e1f612f2fc5bdc05c9d21a83aa8d20791e	432726	0.847635	-	-
45	1NtiLNGegHWE3Mp9g2JPkgx6wUg4TW7bbk	solved	f0225bfc68a6e17e87cd8b5e60ae3be18f120753	275211	0.539090	-	-
46	1F3JRMWudBaj48EhwcHDdpeuy2jwACNxjP	solved	9a012260d01c5113df66c8a8438c9f7a1e3d5dac	292858	0.573658	11	P2 v19+κ
47	1Pd8VvT49sHKsmqrQiP61RsVwmXCZ6ay7Z	solved	f828005d41b0f4fed4c8dca3b06011072cfb07d4	390580	0.765078	-	-
48	1DFYhaB2J9q1LLZJWKTnscPWos9VBqDHzv	solved	8661cb56d9df0a61f01328b55af7e56a3fe7a2b2	394278	0.772322	-	-
49	12CiUhYVTTH33w3SPUBqcpMoqnApAV4WCF	solved	0d2f533966c6578e1111978ca698f8add7fffdf3	350069	0.685724	-	-
50	1MEzite4ReNuWaL5Ds17ePKt2dCxWEofwk	solved	de081b76f840e462fa2cdf360173dfaf4a976a47	411265	0.805596	-	-
51	1NpnQyZ7x24ud82b7WiRNvPm6N8bqGQnaS	solved	ef6419cffd7fad7027994354eb8efae223c2dbe7	456501	0.894206	17	-
52	15z9c9sVpu6fwNiK7dMAFgMYSK4GqsGZim	solved	36af659edbe94453f6344e920d143f1778653ae7	262087	0.513383	-	-
53	15K1YKJMiJ4fpesTVUcByoz334rHmknxmT	solved	2f4870ef54fa4b048c1365d42594cc7d3d269551	176363	0.345464	-	-
54	1KYUv7nSvXx4642TKeuC2SNdTk326uUpFy	solved	cb66763cf7fde659869ae7f06884d9a0f879a092	220354	0.431635	-	-
55	1LzhS3k3e9Ub8i2W1V8xQFdB8n2MYCHPCa	solved	db53d9bbd1f3a83b094eeca7dd970bd85b492fa2	441192	0.864218	17	-
56	17aPYR1m6pVAacXg1PTDDU7XafvK1dxvhi	solved	48214c5969ae9f43f75070cea1e2cb41d5bdcccd	39861	0.078081	-	-
57	15c9mPGLku1HuW9LRtBf4jcHVpBUt8txKz	solved	328660ef43f66abe2653fa178452a5dfc594c2a1	81619	0.159877	-	-
58	1Dn8NF8qDyyfHMktmuoQLGyjWmZXgvosXf	solved	8c2a6071f89c90c4dab5ab295d7729d1b54ea60f	506783	0.992699	19	-
59	1HAX2n9Uruu9YDt4cqRgYcvtGvZj1rbUyt	solved	b14ed3146f5b2c9bde1703deae9ef33af8110210	456938	0.895062	17	-
60	1Kn5h2qpgw9mWE5jKpk8PP4qvvJ1QVy8su	solved	cdf8e5c7503a9d22642e3ecfc87817672787b9c5	392777	0.769382	-	-
61	1AVJKwzs9AskraJLGHAZPiaZcrpDr1U6AB	solved	68133e19b2dfb9034edf9830a200cfdf38c90cbd	402955	0.789319	-	-
62	1Me6EfpwZK5kQziBwBfvLiHjaPGxCKLoJi	solved	e26646db84b0602f32b34b5a62ca3cae1f91b779	396961	0.777577	-	-
63	1NpYjtLira16LfGbGwZJ5JbDPh3ai9bjf4	solved	ef58afb697b094423ce90721fbb19a359ef7c50e	228994	0.448559	-	-
64	16jY7qLJnxb7CHZyqBP8qca9d51gAjyXQN	solved	3ee4133d991f52fdf6a25c9834e0745ac74248a4	248854	0.487462	-	-
65	18ZMbwUFLMHoZBbfpCjUJQTCMCbktshgpe	solved	52e763a7ddc1aa4fa811578c491c1bc7fd570137	31447	0.061599	-	-
66	13zb1hQbWVsc2S7ZTZnP2G4undNNpdh5so	solved	20d45a6a762535700ce9e0b216e31994335db8a5	27057	0.053000	-	-
67	1BY8GQbnueYofwSuFAT3USAhGjPrkxDdW9	solved	739437bb3dd6d1983e66629c5f08c70e52769371	493975	0.967611	19	-
68	1MVDYgVaSN6iKKEsbzRUAYFrYJadLYZvvZ	solved	e0b8a2baee1b77fc703455f39d51477451fc8cfc	107074	0.209739	4	-
69	19vkiEajfhuZ8bs8Zu2jgmC6oqZbWqhxhG	solved	61eb8a50c86b0584bb727dd65bed8d2400d6d5aa	443376	0.868496	17	-
70	19YZECXj3SxEZMoUeJ1yiPsw8xANe7M7QR	solved	5db8cda53a6a002db10365967d7f85d19e171b10	285920	0.560067	11	P1 quad-conv
71	1PWo3JeB9jrGwfHDNpdGK54CRas7fsVzXU	unsolved	f6f5431d25bbf7b12e8add9af5e3475c44a0a5b8	289116	0.566328	11	P1 quad-conv
72	1JTK7s9YVYywfm5XUH7RNhHJH1LshCaRFR	unsolved	bf7413e8df4e7a34ce9dc13e2f2648783ec54adb	394415	0.772590	-	-
73	12VVRNPi4SJqUTsp6FmqDqY5sGosDtysn4	unsolved	105b7f253f0ebd7843adaebbd805c944bfb863e4	504290	0.987816	19	-
74	1FWGcVDK3JGzCC3WtkYetULPszMaK2Jksv	unsolved	9f1adb20baeacc38b3f49f3df6906a0e48f2df3d	497057	0.973648	19	-
75	1J36UjUByGroXcCvmj13U6uwaVv9caEeAt	solved	badf8b0d34289e679ec65c6c61d3a974353be5cf	86761	0.169950	-	-
76	1DJh2eHFYQfACPmrvpyWc8MSTYKh7w9eRF	unsolved	86f9fea5cdecf033161dd2f8f8560768ae0a6d14	158096	0.309682	-	-
77	1Bxk4CQdqL9p22JEtDfdXMsng1XacifUtE	unsolved	783c138ac81f6a52398564bb17455576e8525b29	488259	0.956414	19	-
78	15qF6X51huDjqTmF9BJgxXdt1xcj46Jmhb	unsolved	35003c3ef8759c92092f8488fca59a042859018c	488806	0.957486	19	-
79	1ARk8HWJMn8js8tQmGUJeQHjSE7KRkn2t8	unsolved	67671d5490c272e3ab7ddd34030d587738df33da	245608	0.481103	-	-
80	1BCf6rHUW6m3iH2ptsvnjgLruAiPQQepLe	solved	6fe5a36eef0684af0b91f3b6cfc972d68c4f6fab	414553	0.812037	-	-
81	15qsCm78whspNQFydGJQk5rexzxTQopnHZ	unsolved	351e605fac813965951ba433b7c2956bf8ad95ce	142528	0.279187	-	-
82	13zYrYhhJxp6Ui1VV7pqa5WDhNWM45ARAC	unsolved	20d28d4e87543947c7e4913bcdceaa16e2f8f061	305793	0.598995	11	P2 v19+κ
83	14MdEb4eFcT3MVG5sPFG4jGLuHJSnt1Dk2	unsolved	24cef184714bbd030833904f5265c9c3e12a95a2	178384	0.349423	-	-
84	1CMq3SvFcVEcpLMuuH8PUcNiqsK1oicG2D	unsolved	7c99ce73e19f9fbfcce4825ae88261e2b0b0b040	211596	0.414480	-	-
85	1Kh22PvXERd2xpTQk3ur6pPEqFeckCJfAr	solved	cd03c1e6268ce9b89e3c3eeab8d0f1b6e8cac281	462567	0.906088	-	-
86	1K3x5L6G57Y494fDqBfrojD28UJv4s5JcK	unsolved	c60111ed3d63b49665747b0e31eb382da5193535	136363	0.267111	-	-
87	1PxH3K1Shdjb7gSEoTX7UPDZ6SH4qGPrvq	unsolved	fbc708d671c03e26661b9c08f77598a529858b5e	107518	0.210609	4	-
88	16AbnZjZZipwHMkYKBSfswGWKDmXHjEpSf	unsolved	38a968fdfb457654c51bcfc4f9174d6ee487bb41	425085	0.832667	-	-
89	19QciEHbGVNY4hrhfKXmcBBCrJSBZ6TaVt	unsolved	5c3862203d1e44ab3af441503e22db97b1c5097e	79040	0.154826	-	-
90	1L12FHH2FHjvTviyanuiFVfmzCy46RRATU	solved	d06b6e206691295ec345782d7ea0686969d8674b	30567	0.059875	-	-
91	1EzVHtmbN4fs4MiNk3ppEnKKhsmXYJ4s74	unsolved	9978f61b92d16c5f1a463a0995df70da1f7a7d2a	119334	0.233754	4	-
92	1AE8NzzgKE7Yhz7BWtAcAAxiFMbPo82NB5	unsolved	6534b31208fe6e100d29f9c9c75aac8bf06fbb38	285996	0.560216	11	P1 quad-conv
93	17Q7tuG2JwFFU9rXVj3uZqRtioH3mx2Jad	unsolved	463013cd41279f2fd0c31d0a16db3972bfffac8d	93045	0.182259	-	-
94	1K6xGMUbs6ZTXBnhw1pippqwK6wjBWtNpL	unsolved	c6927a00970d0165327d0a6db7950f05720c295c	410912	0.804905	-	-
95	19eVSDuizydXxhohGh8Ki9WY9KsHdSwoQC	solved	5ed822125365274262191d2b77e88d436dd56d88	220252	0.431435	-	-
96	15ANYzzCp5BFHcCnVFzXqyibpzgPLWaD8b	unsolved	2da63cbd251d23c7b633cb287c09e6cf888b3fe4	287462	0.563088	11	P1 quad-conv
97	18ywPwj39nGjqBrQJSzZVq2izR12MDpDr8	unsolved	578d94dc6f40fff35f91f6fba9b71c46b361dff2	67202	0.131637	-	-
98	1CaBVPrwUxbQYYswu32w7Mj4HR4maNoJSX	unsolved	7eefddd979a1d6bb6f29757a1f463579770ba566	64514	0.126372	-	-
99	1JWnE6p6UN7ZJBN7TtcbNDoRcjFtuDWoNL	unsolved	c01bf430a97cbcdaedddba87ef4ea21c456cebdb	468757	0.918213	-	-
100	1KCgMv8fo2TPBpddVi9jqmMmcne9uSNJ5F	solved	c7a7b23f6bd98b8aaf527beb724dda9460b1bc6e	32276	0.063223	-	-
101	1CKCVdbDJasYmhswB6HKZHEAnNaDpK7W4n	unsolved	7c1a77205c03b9909663b2034faa0b544e6bc96b	111897	0.219187	4	-
102	1PXv28YxmYMaB8zxrKeZBW8dt2HK7RkRPX	unsolved	f72b812932f6d7102233971d65cec0a22b89e136	294602	0.577074	11	P2 v19+κ
103	1AcAmB6jmtU6AiEcXkmiNE9TNVPsj9DULf	unsolved	695fd6dcf33f47166b25de968b2932b351b0afc4	479436	0.939131	-	-
104	1EQJvpsmhazYCcKX5Au6AZmZKRnzarMVZu	unsolved	93022af9a38f3ebb0c3f15dd1c83f8fadaf64e74	496562	0.972678	19	-
105	1CMjscKB3QW7SDyQ4c3C3DEUHiHRhiZVib	solved	7c957db6fdd0733bb83bc6d6d747711263ba50b0	295568	0.578966	11	P2 v19+κ
106	18KsfuHuzQaBTNLASyj15hy4LuqPUo1FNB	unsolved	505aaa63a5e209dfb90cee683a8e227a8c278e47	198699	0.389217	-	-
107	15EJFC5ZTs9nhsdvSUeBXjLAuYq3SWaxTc	unsolved	2e644e46b042ffa86da35c54d7275f1abe6d4911	331631	0.649607	-	-
108	1HB1iKUqeffnVsvQsbpC6dNi1XKbyNuqao	unsolved	b166c44f12c7fc565f37ff6288ee64e0f0ec9a0b	104441	0.204582	4	-
109	1GvgAXVCbA8FBjXfWiAms4ytFeJcKsoyhL	unsolved	aeb0a0197442d4ade8ef41442d557b0e22b85ac0	102688	0.201148	4	-
110	12JzYkkN76xkwvcPT6AWKZtGX6w2LAgsJg	solved	0e5f3c406397442996825fd395543514fd06f207	387297	0.758647	-	-
111	1824ZJQ7nKJ9QFTRBqn7z7dHV5EGpzUpH3	unsolved	4cfc43fe12a330c8164251e38c0c0c3c84cf86f6	485642	0.951288	19	-
112	18A7NA9FTsnJxWgkoFfPAFbQzuQxpRtCos	unsolved	4e81efec43c5195aeca0e3877664330418b8e48e	353550	0.692543	-	-
113	1NeGn21dUDDeqFQ63xb2SpgUuXuBLA4WT4	unsolved	ed673389e4b12925316f9166d56d701829e53cf8	221754	0.434377	-	-
114	174SNxfqpdMGYy5YQcfLbSTK3MRNZEePoy	unsolved	42773005f9594cd16b10985d428418acb7f352ec	260172	0.509632	-	-
115	1NLbHuJebVwUZ1XqDjsAyfTRUPwDQbemfv	solved	ea0f2b7576bd098921fce9bfebe37f6383e639a4	236676	0.463607	-	-
116	1MnJ6hdhvK37VLmqcdEwqC3iFxyWH2PHUV	unsolved	e3f381c34a20da049779b44cae0417c7fb2898d0	462976	0.906889	-	-
117	1KNRfGWw7Q9Rmwsc6NT5zsdvEb9M2Wkj5Z	unsolved	c97f9591e28687be1c4d972e25be7c372a3221b4	400120	0.783765	-	-
118	1PJZPzvGX19a7twf5HyD2VvNiPdHLzm9F6	unsolved	f4a4e1c11a5bbbd2fc139d221825407c66e0b8b4	54506	0.106768	-	-
119	1GuBBhf61rnvRe4K8zu8vdQB3kHzwFqSy7	unsolved	ae6804b35c82f47f8b0a42d8c5e514fe5ef0a883	345793	0.677348	-	-
120	17s2b9ksz5y7abUm92cHwG8jEPCzK3dLnT	solved	4b46e10a541aeec6be3fac709c256fb7da69308e	217938	0.426903	-	-
121	1GDSuiThEV64c166LUFC9uDcVdGjqkxKyh	unsolved	a6e4818537e42f7b3f021daa810367dad4dda16f	204491	0.400562	-	-
122	1Me3ASYt5JCTAK2XaC32RMeH34PdprrfDx	unsolved	e263b62ea294b9650615a13b926e75944c823990	355754	0.696860	-	-
123	1CdufMQL892A69KXgv6UNBD17ywWqYpKut	unsolved	7fa4515066ba6905f894b2078f9af7b1379169cf	212019	0.415308	-	-
124	1BkkGsX9ZM6iwL3zbqs7HWBV7SvosR6m8N	unsolved	75f74467ce7214f1767406d5ed12012aa523c48e	155660	0.304911	-	-
125	1PXAyUB8ZoH3WD8n5zoAthYjN15yN5CVq5	solved	f7079256aa027dc437cbb539f955472416725fc8	76552	0.149952	-	-
126	1AWCLZAjKbV1P7AHvaPNCKiB7ZWVDMxFiz	unsolved	683ea8a1ef06eada90556017d44323b5c04e00f1	302171	0.591900	11	P2 v19+κ
127	1G6EFyBRU86sThN3SSt3GrHu1sA7w7nzi4	unsolved	a58708aa98ad35c889bb36d8049bf9e9cacfd02a	261520	0.512272	-	-
128	1MZ2L1gFrCtkkn6DnTT2e4PFUTHw9gNwaj	unsolved	e170ef514689d7230da362a0c121a07723550512	336246	0.658647	-	-
129	1Hz3uv3nNZzBVMXLGadCucgjiCs5W9vaGz	unsolved	ba4c2748360a6b66263e11d1dc8658463ca5ff18	144788	0.283614	-	-
130	1Fo65aKq8s8iquMt6weF1rku1moWVEd5Ua	solved-pubkey	a24922852051a9002ebf4c864a55acb75bb4cf75	478835	0.937954	-	-
131	16zRPnT8znwq42q7XeMkZUhb1bKqgRogiy	unsolved	41b4b36a6c036568972380177eca2916cacd71de	243546	0.477064	-	-
132	1KrU4dHE5WrW8rhWDsTRjR21r8t3dsrS3R	unsolved	cecd3ca4319651bd3afd1e23ab66e111ed38d16d	267551	0.524086	-	-
133	17uDfp5r4n441xkgLFmhNoSW1KWp6xVLD	unsolved	014e15e4ea6da460cc7835e262676baa37988e4f	330625	0.647637	-	-
134	13A3JrvXmvg5w9XGvyyR4JEJqiLz8ZySY3	unsolved	17a5ebfaf62e73f149e33ba674836801f13a80b9	340175	0.666343	-	-
135	16RGFo6hjq9ym6Pj7N5H7L1NR1rVPJyw2v	unsolved-pubkey	3b6f58a75a54bfd85d1bc6c51180fdc732992326	95724	0.187507	-	-
136	1UDHPdovvR985NrWSkdWQDEQ1xuRiTALq	unsolved	05257be4b57ee43fc09762d5d3a9ad4a6e1a0364	348546	0.682741	-	-
137	15nf31J46iLuK1ZkTnqHo7WgN5cARFK3RA	unsolved	3482f8986e13c018692053a784481c63a3554c9c	313990	0.615052	-	-
138	1Ab4vzG6wEQBDNQM1B2bvUz4fqXXdFk2WT	unsolved	692a8e583866fc9056f5c61a45969fb9d868a08c	380834	0.745987	-	-
139	1Fz63c775VV9fNyj25d9Xfw3YHE6sKCxbt	unsolved	a45dae9cd5d3fde21e5aa9a95367d107267b3b8a	278108	0.544765	-	-
140	1QKBaU6WAeycb3DbKbLBkX7vJiaS8r42Xo	unsolved-pubkey	ffbb35a7bb9bbe16c1aa2534f7ff11d59c8e3d1a	158590	0.310650	-	-
141	1CD91Vm97mLQvXhrnoMChhJx4TP9MaQkJo	unsolved	7af50f73fd580f1713af3a6f9c5de49643ec6fc6	251358	0.492366	-	-
142	15MnK2jXPqTMURX4xC3h4mAZxyCcaWWEDD	unsolved	2fcea55e6d027a2ba7c7ebe95eedf47766730fe2	438314	0.858581	17	-
143	13N66gCzWWHEZBxhVxG18P8wyjEWF9Yoi1	unsolved	19ed3e03d19ddcedd5fa86543be820b3a7951650	392136	0.768126	-	-
144	1NevxKDYuDcCh1ZMMi6ftmWwGrZKC6j7Ux	unsolved	ed87120066e244ff5331d5f8625873d7a3acc39c	93616	0.183377	-	-
145	19GpszRNUej5yYqxXoLnbZWKew3KdVLkXg	unsolved-pubkey	5abf369388deb8072741b4eb43ef10fa9388a729	495273	0.970153	19	-
146	1M7ipcdYHey2Y5RZM34MBbpugghmjaV89P	unsolved	dca7ebfb78ce21884300f133d89244bc4b1b756f	449945	0.881364	17	-
147	18aNhurEAJsw6BAgtANpexk5ob1aGTwSeL	unsolved	5318b9d7fcc93873f768725eb68ba2c924bb07ee	330772	0.647925	-	-
148	1FwZXt6EpRT7Fkndzv6K4b4DFoT4trbMrV	unsolved	a3e3612e586fd206efb8eee6ccd58318e182829a	17840	0.034945	0	-
149	1CXvTzR6qv8wJ7eprzUKeWxyGcHwDYP1i2	unsolved	7e827e3b90da24c2a15f7b67e3bbece39955a5d0	488778	0.957431	19	-
150	1MUJSJYtGPVGkBCTqGspnxyHahpt5Te8jy	unsolved-pubkey	e08c4d3bc9cf2b3e2cb88de2bfaa4fe8c7aa3f24	43548	0.085303	-	-
151	13Q84TNNvgcL3HJiqQPvyBb9m4hxjS3jkV	unsolved	1a4fb632f0de0c53a0a31d57f840a19e56c645ee	34940	0.068441	-	-
152	1LuUHyrQr8PKSvbcY1v1PiuGuqFjWpDumN	unsolved	da56cd815fa2f0d6a4ce6d25ed7b1a01d9f9bc6b	331963	0.650258	-	-
153	18192XpzzdDi2K11QVHR7td2HcPS6Qs5vg	unsolved	4ccf94a1b0efd63cddeee0ef5eee5ebe720cfcbf	418783	0.820323	-	-
154	1NgVmsCCJaKLzGyKLFJfVequnFW9ZvnMLN	unsolved	edd2e206825fa8949d1304cd82c08d64b222f2eb	27337	0.053548	-	-
155	1AoeP37TmHdFh8uN72fu9AqgtLrUwcv2wJ	unsolved-pubkey	6b8b7830f73c5bf9e8beb9f161ad82b3bde992e4	21644	0.042397	0	-
156	1FTpAbQa4h8trvhQXjXnmNhqdiGBd1oraE	unsolved	9ea3f29aaedf7da10b1488934c50a39e271b0b64	159448	0.312331	-	-
157	14JHoRAdmJg3XR4RjMDh6Wed6ft6hzbQe9	unsolved	242d790e5a168043c76f0539fd894b73ee67b3b3	204899	0.401361	-	-
158	19z6waranEf8CcP8FqNgdwUe1QRxvUNKBG	unsolved	628dacebb0faa7f81670e174ca4c8a95a7e37029	401639	0.786741	-	-
159	14u4nA5sugaswb6SZgn5av2vuChdMnD9E5	unsolved	2ac1295b4e54b3f15bb0a99f84018d2082495645	38163	0.074755	-	-
160	1NBC8uXJy1GiJ6drkiZa1WuKn51ps7EPTv	unsolved-pubkey	e84818e1bf7f699aa6e28ef9edfb582099099292	435710	0.853480	17	-
